{"cameraMode":{"drawMode":0,"name":"Shaded","section":"Shading Mode"},"sceneLighting":false,"audioPlay":false,"sceneViewState":{"showFog":true,"showMaterialUpdate":false,"showSkybox":true,"showFlares":true,"showImageEffects":true,"showParticleSystems":true},"in2DMode":false,"pivot":{"x":157.6346893310547,"y":1033.4244384765625,"z":-5.247314453125},"rotation":{"x":0.20921649038791657,"y":0.03373000770807266,"z":-0.007224949076771736,"w":0.9772723317146301},"size":67.69500732421875,"orthographic":false}