{"cameraMode":{"drawMode":0,"name":"Shaded","section":"Shading Mode"},"sceneLighting":false,"audioPlay":false,"sceneViewState":{"showFog":true,"showMaterialUpdate":false,"showSkybox":false,"showFlares":true,"showImageEffects":true,"showParticleSystems":true},"in2DMode":false,"pivot":{"x":-35.601341247558597,"y":4.733973503112793,"z":-45.964111328125},"rotation":{"x":0.3825707733631134,"y":-0.3606739640235901,"z":0.16536450386047364,"w":0.8343966007232666},"size":9.522602081298829,"orthographic":false}