{"cameraMode":{"drawMode":0,"name":"Shaded","section":"Shading Mode"},"sceneLighting":true,"audioPlay":false,"sceneViewState":{"showFog":true,"showMaterialUpdate":false,"showSkybox":false,"showFlares":true,"showImageEffects":true,"showParticleSystems":true},"in2DMode":false,"pivot":{"x":2.649742364883423,"y":0.7229177951812744,"z":3.2054412364959719},"rotation":{"x":0.19346721470355988,"y":0.2949787378311157,"z":-0.061118610203266147,"w":0.9337186217308044},"size":6.319554328918457,"orthographic":false}