{"cameraMode":{"drawMode":0,"name":"Shaded","section":"Shading Mode"},"sceneLighting":false,"audioPlay":false,"sceneViewState":{"showFog":true,"showMaterialUpdate":false,"showSkybox":false,"showFlares":true,"showImageEffects":true,"showParticleSystems":true},"in2DMode":false,"pivot":{"x":26.600000381469728,"y":10.531341552734375,"z":-106.0},"rotation":{"x":0.1402200162410736,"y":0.12882238626480103,"z":-0.01840302348136902,"w":0.9815328121185303},"size":5.74456262588501,"orthographic":false}